Shift ID,Role,Month,Rate,Date,Day,Shift,Time_Input,Time,Tips,Total,Tip Rate,Year
1,Training,March,9.75,3/22/22,Tuesday,Open,1.12,67.2,0,10.92,0,2022
2,Training,March,9.75,3/25/22,Friday,Close,4,240,0,39,0,2022
3,Training,March,10.5,3/26/22,Saturday,N/A,5.83,349.8,0,61.22,0,2022
4,Training,March,10.5,3/28/22,Monday,Open,4.65,279,0,48.83,0,2022
5,Training,March,10.5,3/30/22,Wednesday,Open,3.11,186.6,0,32.66,0,2022
6,Training,March,10.5,3/31/22,Thursday,N/A,3.25,195,0,34.13,0,2022
7,Training,April,10.5,4/1/22,Friday,Close,5.86,351.6,0,61.53,0,2022
8,Training,April,10.5,4/3/22,Sunday,Open,6.59,395.4,0,69.2,0,2022
9,Barista,April,10.5,4/5/22,Tuesday,Mid,6.12,367.2,45.51,109.77,7.44,2022
10,Barista,April,10.5,4/7/22,Thursday,Open,6.09,365.4,58.11,122.06,9.54,2022
11,Barista,April,10.5,4/9/22,Saturday,Close,6.62,397.2,46.62,116.13,7.04,2022
12,Training,April,10.5,4/12/22,Tuesday,N/A,1.75,105,0,18.38,0,2022
13,Barista,April,10.5,4/14/22,Thursday,Open,6.21,372.6,58.66,123.87,9.45,2022
14,Barista,April,10.5,4/16/22,Saturday,Close,6.77,406.2,64.74,135.83,9.56,2022
15,Barista,April,10.5,4/19/22,Tuesday,Open,6.07,364.2,40.14,103.88,6.61,2022
16,Barista,April,10.5,4/23/22,Saturday,Close,6.73,403.8,56.77,127.44,8.44,2022
17,Barista,April,10.5,4/24/22,Sunday,Open,6.35,381,62.71,129.39,9.88,2022
18,Meeting,April,10.5,4/26/22,Tuesday,N/A,0.33,19.8,0,3.47,0,2022
19,Barista,April,10.5,4/26/22,Tuesday,Open,6.33,379.8,51.78,118.25,8.18,2022
20,Barista,April,10.5,4/30/22,Saturday,Close,6.4,384,50.4,117.6,7.88,2022
21,Barista,April,10.5,5/1/22,Sunday,Close,6.31,378.6,56.77,123.03,9,2022
22,Barista,April,10.5,5/3/22,Tuesday,Close,5.95,357,29.01,91.49,4.88,2022
23,Meeting,May,10.5,5/6/22,Friday,N/A,0.48,28.8,0,5.04,0,2022
24,Barista,May,10.5,5/6/22,Friday,Close,6.39,383.4,56,123.1,8.76,2022
25,Barista,May,10.5,5/8/22,Sunday,Mid,6.12,367.2,92.45,156.71,15.11,2022
26,Meeting,May,10.5,5/9/22,Monday,N/A,0.12,7.2,0,1.26,0,2022
27,Barista,May,10.5,5/10/22,Tuesday,Close,6.16,369.6,34.1,98.78,5.54,2022
28,Meeting,May,10.5,5/24/22,Tuesday,N/A,1.27,76.2,0,13.34,0,2022
29,Barista,May,10.5,5/24/22,Tuesday,Open,5.97,358.2,60.19,122.88,10.08,2022
30,Barista,May,10.5,5/23/22,Monday,Open,6.16,369.6,63.56,128.24,10.32,2022
31,Meeting,May,10.5,5/20/22,Friday,N/A,0.17,10.2,0,1.79,0,2022
32,Barista,May,10.5,5/20/22,Friday,Open,4.8,288,60.14,110.54,12.53,2022
33,Barista,May,10.5,5/17/22,Tuesday,Close,6.56,393.6,38.37,107.25,5.85,2022
34,Barista,May,10.5,5/16/22,Monday,Open,5.87,352.2,53.32,114.96,9.08,2022
35,Barista,May,10.5,5/15/22,Sunday,Open,5.92,355.2,67.95,130.11,11.48,2022
36,Training,May,10.5,5/13/22,Friday,N/A,3.25,195,0,34.13,0,2022
37,Barista ,June,10.5,6/10/22,Friday,Open,6.19,371.4,91.28,156.28,14.75,2022
38,Barista,June,10.5,6/7/22,Tuesday,Close,6.26,375.6,27.09,92.82,4.33,2022
39,Barista,June,10.5,6/6/22,Monday,Open,5.9,354,72.97,134.92,12.37,2022
40,Barista,June,10.5,6/5/22,Sunday,Open,6.45,387,94.53,162.26,14.66,2022
41,Barista,June,10.5,6/3/22,Friday,Close,6.13,367.8,45.72,110.09,7.46,2022
42,Meeting,May,10.5,5/31/22,Tuesday,N/A,0.75,45,0,7.88,0,2022
43,Barista,May,10.5,5/31/22,Tuesday,Open,6.4,384,59.94,127.14,9.37,2022
44,Barista,May,10.5,5/27/22,Friday,Close,6.13,367.8,42.58,106.95,6.95,2022
45,Barista,June,11,6/24/22,Friday,Open,6.17,370.2,57.66,125.53,9.35,2022
46,Barista,June,11,6/21/22,Tuesday,Close,5.88,352.8,33.63,98.31,5.72,2022
47,Meeting,June,11,6/21/22,Tuesday,N/A,1.05,63,0,11.55,0,2022
48,Barista,June,11,6/19/22,Sunday,Close,5.98,358.8,44.61,110.39,7.46,2022
49,Barista,June,11,6/17/22,Friday,Open,6.32,379.2,93.3,162.82,14.76,2022
50,Barista,June,11,6/14/22,Tuesday,Close,6.13,367.8,34.32,101.75,5.6,2022
51,Barista,June,11,6/12/22,Sunday,Close,6.23,373.8,44.89,113.42,7.21,2022
52,Barista,July,11.25,7/8/22,Friday,Open,6.59,395.4,76.92,151.06,11.67,2022
53,Barista,July,11.25,7/5/22,Tuesday,Close,6.26,375.6,33.65,104.08,5.38,2022
54,Barista,July,11.25,7/4/22,Monday,Open,6.15,369,65.38,134.57,10.63,2022
55,Barista,July,11.25,7/3/22,Sunday,Open,6.3,378,70,140.88,11.11,2022
56,Barista,July,11.25,7/1/22,Friday,Open,6.19,371.4,74.65,144.29,12.06,2022
57,Meeting,June,11.25,6/28/22,Tuesday,N/A,0.89,53.4,0,10.01,0,2022
58,Barista,June,11.25,6/28/22,Tuesday,Close,6,360,28.09,95.59,4.68,2022
59,Barista,June,11.25,6/26/22,Sunday,Open,6.25,375,74.29,144.6,11.89,2022
60,Meeting,July,11.25,7/24/22,Sunday,N/A,0.55,33,0,6.19,0,2022
61,Barista,July,11.25,7/24/22,Sunday,Open,6.43,385.8,71.2,143.54,11.07,2022
62,Barista,July,11.25,7/22/22,Friday,Close,6.66,399.6,38.58,113.51,5.79,2022
63,Barista,July,11.25,7/19/22,Tuesday,Open,6.23,373.8,50,120.09,8.03,2022
64,Barista,July,11.25,7/15/22,Friday,Close,6.75,405,37.65,113.59,5.58,2022
65,Barista,July,11.25,7/13/22,Wednesday,Open,6.05,363,57.03,125.09,9.43,2022
66,Barista,July,11.25,7/12/22,Tuesday,Open,6.41,384.6,53.72,125.83,8.38,2022
67,Meeting,August,11.25,8/9/22,Tuesday,N/A,1.03,61.8,0,11.59,0,2022
68,Barista,August,11.25,8/9/22,Tuesday,Open,5.87,352.2,46.46,112.5,7.91,2022
69,Barista,August,11.25,8/8/22,Monday,Open,6.03,361.8,58.36,126.2,9.68,2022
70,Barista,August,11.25,8/4/22,Thursday,Close,6.2,372,34.4,104.15,5.55,2022
71,Barista,August,11.25,8/1/22,Monday,Open,6.31,378.6,43.22,114.21,6.85,2022
72,Barista,July,11.25,7/31/22,Sunday,Open,6.28,376.8,78.5,149.15,12.5,2022
73,Barista,July,11.25,7/29/22,Friday,Close,7.13,427.8,39.62,119.83,5.56,2022
74,Meeting,July,11.25,7/26/22,Tuesday,N/A,0.9,54,0,10.13,0,2022
75,Barista,July,11.25,7/26/22,Tuesday,Open,6.45,387,44.24,116.8,6.86,2022
76,Training,August,11.25,8/10/22,Wednesday,N/A,2.33,139.8,0,26.21,0,2022
77,Barista,August,11.25,8/22/22,Monday,Open,6.59,395.4,41.03,115.17,6.23,2022
78,Barista,August,11.25,8/21/22,Sunday,Close,7.14,428.4,60.02,140.35,8.41,2022
79,Barista,August,11.25,8/20/22,Saturday,Close,6.32,379.2,45.87,116.97,7.26,2022
80,Barista,August,11.25,8/19/22,Friday,Open,6.32,379.2,80.03,151.13,12.66,2022
81,Barista,August,11.25,8/15/22,Monday,Open,6.34,380.4,59.82,131.15,9.44,2022
82,Meeting,August,11.25,8/14/22,Sunday,N/A,0.67,40.2,0,7.54,0,2022
83,Training,August,11.25,8/24/22,Wednesday,N/A,2.92,175.2,0,32.85,0,2022
84,Barista,September,11.25,9/10/22,Saturday,Close,6.8,408,57.59,134.09,8.47,2022
85,Barista,September,11.25,9/9/22,Friday,Open,6.06,363.6,61.07,129.25,10.08,2022
86,Barista,September,11.25,9/5/22,Monday,Close,5.74,344.4,37.89,102.47,6.6,2022
87,Barista,September,11.25,9/4/22,Sunday,Open,6.17,370.2,54.21,123.62,8.79,2022
88,Barista,September,11.25,9/3/22,Saturday,Open,6.03,361.8,76.82,144.66,12.74,2022
89,Barista,September,11.25,9/2/22,Friday,Close,4.66,279.6,56.62,109.05,12.15,2022
90,Barista,August,11.25,8/29/22,Monday,Close,4.73,283.8,23.06,76.27,4.88,2022
91,Barista,August,11.25,8/28/22,Sunday,Close,6.02,361.2,48.5,116.23,8.06,2022
92,Barista,August,11.25,8/27/22,Saturday,Close,6.12,367.2,56.02,124.87,9.15,2022
93,Barista,August,11.25,8/26/22,Friday,Open,5.94,356.4,75.56,142.39,12.72,2022
94,Training,September,11.25,9/2/22,Friday,N/A,1.5,90,0,16.88,0,2022
95,Meeting,September,11.25,9/25/22,Sunday,N/A,0.42,25.2,0,4.73,0,2022
96,Barista,September,11.25,9/25/22,Sunday,Mid,5.86,351.6,74.37,140.3,12.69,2022
97,Barista,September,11.25,9/24/22,Saturday,Close,6.65,399,45.36,120.17,6.82,2022
98,Barista,September,11.25,9/23/22,Friday,Close,6.19,371.4,51,120.64,8.24,2022
99,Meeting,September,11.25,9/21/22,Wednesday,N/A,0.77,46.2,0,8.66,0,2022
100,Barista,September,11.25,9/19/22,Monday,Open,6.14,368.4,49.33,118.41,8.03,2022
101,Barista,September,11.25,9/18/22,Sunday,Mid,7.58,454.8,102.87,188.15,13.57,2022
102,Barista,September,11.25,9/17/22,Saturday,Open,6.03,361.8,67.03,134.87,11.12,2022
103,Barista,September,11.25,9/16/22,Friday,Open,5.92,355.2,46.17,112.77,7.8,2022
104,Barista,September,11.25,9/12/22,Monday,Close,6.11,366.6,26.9,95.64,4.4,2022
105,Barista,September,11.25,9/11/22,Sunday,Mid,6.06,363.6,49.33,117.51,8.14,2022
106,Barista,October,11.25,10/10/22,Monday,Open,6.24,374.4,67.93,138.13,10.89,2022
107,Barista,October,11.25,10/9/22,Sunday,Mid,6.04,362.4,71.95,139.9,11.91,2022
108,Barista,October,11.25,10/8/22,Saturday,Mid,6.15,369,61.21,130.4,9.95,2022
109,Barista,October,11.25,10/7/22,Friday,Close,6.43,385.8,38.36,110.7,5.97,2022
110,Meeting,October,11.25,10/6/22,Thursday,N/A,0.67,40.2,0,7.54,0,2022
111,Barista,October,11.25,10/3/22,Monday,Open,6.03,361.8,64.15,131.99,10.64,2022
112,Barista,October,11.25,10/2/22,Sunday,Close,6.14,368.4,56.88,125.96,9.26,2022
113,Barista,October,11.25,10/1/22,Saturday,Mid,6.41,384.6,94.4,166.51,14.73,2022
114,Barista,September,11.25,9/30/22,Friday,Open,6.1,366,42.31,110.94,6.94,2022
115,Barista,September,11.25,9/26/22,Monday,Open,6.1,366,59.09,127.72,9.69,2022
116,Barista,October,11.5,10/24/22,Monday,Close,5.68,340.8,32.72,98.04,5.76,2022
117,Barista,October,11.5,10/23/22,Sunday,Open,5.3,318,57.66,118.61,10.88,2022
118,Meeting,October,11.5,10/19/22,Wednesday,N/A,1.23,73.8,0,14.15,0,2022
119,Barista,October,11.5,10/17/22,Monday,Close,5.79,347.4,35.63,102.22,6.15,2022
120,Barista,October,11.5,10/16/22,Sunday,Open,5.64,338.4,71.03,135.89,12.59,2022
121,Barista,October,11.5,10/15/22,Saturday,Mid,5.97,358.2,61.32,129.98,10.27,2022
122,Barista,October,11.5,10/14/22,Friday,Close,6.28,376.8,41.65,113.87,6.63,2022
123,Meeting,October,11.5,10/14/22,Friday,N/A,0.51,30.6,0,5.87,0,2022
124,Barista,November,11.5,11/7/22,Monday,Close,6.1,366,42.14,112.29,6.91,2022
125,Barista,November,11.5,11/5/22,Saturday,Close,5.83,349.8,59.49,126.54,10.2,2022
126,Barista,November,11.5,11/4/22,Friday,Open,6.15,369,70.66,141.39,11.49,2022
127,Barista,October,11.5,10/31/22,Monday,Open,6.05,363,53.99,123.57,8.92,2022
128,Barista,October,11.5,10/30/22,Sunday,Open,6.18,370.8,76.46,147.53,12.37,2022
129,Barista,October,11.5,10/29/22,Saturday,Mid,6.14,368.4,66.7,137.31,10.86,2022
130,Barista,October,11.5,10/28/22,Friday,Close,6,360,52.82,121.82,8.8,2022
131,Barista,November,11.5,11/25/22,Friday,Mid,4.89,293.4,69.2,125.44,14.15,2022
132,Barista,November,11.5,11/21/22,Monday,Close,6.29,377.4,44.17,116.51,7.02,2022
133,Meeting,November,11.5,11/20/22,Sunday,N/A,0.47,28.2,0,5.41,0,2022
134,Barista,November,11.5,11/20/22,Sunday,Open,6.48,388.8,85.64,160.16,13.22,2022
135,Barista,November,11.5,11/19/22,Saturday,Mid,5.91,354.6,72.75,140.72,12.31,2022
136,Barista,November,11.5,11/18/22,Friday,Close,6.52,391.2,53.16,128.14,8.15,2022
137,Meeting,November,11.5,11/16/22,Wednesday,N/A,0.85,51,0,9.78,0,2022
138,Barista,November,11.5,11/14/22,Monday,Close,5.99,359.4,42.21,111.1,7.05,2022
139,Barista,November,11.5,11/13/22,Sunday,Open,6.01,360.6,76.73,145.85,12.77,2022
140,Barista,November,11.5,11/12/22,Saturday,Mid,6,360,71.42,140.42,11.9,2022
141,Barista,November,11.5,11/11/22,Friday,Close,6.63,397.8,54.3,130.55,8.19,2022
142,Barista,December,11.5,12/9/22,Friday,Close,6.51,390.6,52.07,126.94,8,2022
143,Barista,December,11.5,12/4/22,Sunday,Open,6,360,70.96,139.96,11.83,2022
144,Barista,December,11.5,12/3/22,Saturday,Mid,5.99,359.4,71.54,140.43,11.94,2022
145,Barista,December,11.5,12/2/22,Friday,Close,6.69,401.4,54.73,131.67,8.18,2022
146,Barista,November,11.5,11/27/22,Sunday,Open,6.23,373.8,55.69,127.34,8.94,2022
147,Barista,November,11.5,11/26/22,Saturday,Mid,6.08,364.8,61.39,131.31,10.1,2022
148,Baker,December,14.5,12/10/22,Saturday,Baker,6.67,400.2,0,96.72,0,2022
149,Baker,December,14.5,12/12/22,Monday,Baker,7.15,429,0,103.68,0,2022
150,Baker,December,14.5,12/11/22,Sunday,Baker,7.02,421.2,0,101.79,0,2022
151,Barista,December,11.5,12/12/22,Monday,Open,7.15,429,53.47,135.7,7.48,2022
152,Barista,December,11.5,12/21/22,Wednesday,Open,6.31,378.6,83.74,156.31,13.27,2022
153,Meeting,December,14.5,12/21/22,Wednesday,N/A,0.61,36.6,0,8.85,0,2022
154,Production,December,14.5,12/14/22,Wednesday,N/A,3.74,224.4,0,54.23,0,2022
155,Training,December,14.5,12/20/22,Tuesday,N/A,2,120,0,29,0,2022
156,Barista,January,11.5,1/6/23,Friday,Close,6.34,380.4,57.69,130.6,9.1,2023
157,Barista,January,11.5,1/7/23,Saturday,Mid,6,360,63.91,132.91,10.65,2023
158,Barista,January,11.5,1/8/23,Sunday,Mid,6.29,377.4,82.43,154.77,13.1,2023
159,Barista,January,11.5,1/9/23,Monday,Open,6.19,371.4,40.68,111.87,6.57,2023
160,Barista,January,11.5,1/13/23,Friday,Close,6.27,376.2,60.48,132.59,9.65,2023
161,Barista,January,11.5,1/14/23,Saturday,Mid,6.14,368.4,73.9,144.51,12.04,2023
162,Barista,January,11.5,1/15/23,Sunday,Mid,6.19,371.4,67.9,139.09,10.97,2023
163,Barista,January,11.5,1/16/23,Monday,Open,6.36,381.6,89.22,162.36,14.03,2023
164,Meeting,January,14.5,1/20/23,Friday,N/A,0.54,32.4,0,7.83,0,2023
165,Barista,January,11.5,1/20/23,Friday,Close,5.86,351.6,40.97,108.36,6.99,2023
166,Barista,January,11.5,1/21/23,Saturday,Mid,5.44,326.4,82.76,145.32,15.21,2023
167,Barista,January,11.5,1/22/23,Sunday,Open,6.05,363,57.7,127.28,9.54,2023
168,Barista,January,11.5,1/23/23,Monday,Open,6.17,370.2,57.1,128.06,9.25,2023
169,Barista,February,11.5,2/10/23,Friday,Close,6.5,390,51.54,126.29,7.93,2023
170,Barista,February,11.5,2/6/23,Monday,Open,5.99,359.4,51.16,120.05,8.54,2023
171,Barista,February,11.5,2/5/23,Sunday,Open,5.98,358.8,65.35,134.12,10.93,2023
172,Barista,February,11.5,2/4/23,Saturday,Close,5.99,359.4,61.88,130.77,10.33,2023
173,Barista,February,11.5,2/3/23,Friday,Close,6.38,382.8,45.26,118.63,7.09,2023
174,Barista,January,11.5,1/30/23,Monday,Open,6,360,70.62,139.62,11.77,2023
175,Barista,January,11.5,1/28/23,Saturday,Mid,5.9,354,73.96,141.81,12.54,2023
176,Barista,January,11.5,1/27/23,Friday,Close,6.28,376.8,46.75,118.97,7.44,2023
177,Training,February,14.5,2/1/23,Wednesday,N/A,1.5,90,0,21.75,0,2023
178,Training,January,14.5,1/31/23,Tuesday,N/A,2,120,0,29,0,2023
179,Production,February,14.5,2/7/23,Tuesday,N/A,3.92,235.2,0,56.84,0,2023
180,Barista,February,11.5,2/25/23,Saturday,Mid,6.04,362.4,70.05,139.51,11.6,2023
181,Barista,February,11.5,2/24/23,Friday,Close,6.45,387,48.13,122.31,7.46,2023
182,Barista,February,11.5,2/20/23,Monday,Open,6.14,368.4,92.65,163.26,15.09,2023
183,Barista,February,11.5,2/18/23,Saturday,Mid,9.06,543.6,107.74,211.93,11.89,2023
184,Barista,February,11.5,2/17/23,Friday,Close,6.87,412.2,49.34,128.35,7.18,2023
185,Meeting,February,11.5,2/15/23,Wednesday,N/A,1.07,64.2,0,12.31,0,2023
186,Barista,February,11.5,2/13/23,Monday,Open,5.88,352.8,53.34,120.96,9.07,2023
187,Barista,February,11.5,2/12/23,Sunday,Open,5.89,353.4,64.07,131.81,10.88,2023
188,Barista,February,11.5,2/11/23,Saturday,Close,5.96,357.6,80.85,149.39,13.57,2023
189,Production,February,14.5,2/14/23,Tuesday,N/A,4.11,246.6,0,59.6,0,2023
190,Barista,March,11.5,3/10/23,Friday,Close,6.18,370.8,53.76,124.83,8.7,2023
191,Meeting,March,14.5,3/8/23,Wednesday,N/A,1.02,61.2,0,14.79,0,2023
192,Barista,March,11.5,3/6/23,Monday,Open,5.85,351,52.13,119.41,8.91,2023
193,Barista,March,11.5,3/4/23,Saturday,Mid,6.23,373.8,70.27,141.92,11.28,2023
194,Barista,March,11.5,3/3/23,Friday,Close,5.99,359.4,53.32,122.21,8.9,2023
195,Meeting,February,14.5,2/27/23,Monday,N/A,1.11,66.6,0,16.1,0,2023
196,Barista,February,11.5,2/27/23,Monday,Open,6.01,360.6,55.29,124.41,9.2,2023
197,Barista,March,12,3/25/23,Saturday,Mid,6.04,362.4,72.35,144.83,11.98,2023
198,Barista,March,12,3/24/23,Friday,Close,7.74,464.4,84.39,177.27,10.9,2023
199,Barista,March,11.5,3/20/23,Monday,Open,6.27,376.2,65.32,137.43,10.42,2023
200,Barista,March,11.5,3/18/23,Saturday,Close,5.92,355.2,56.73,124.81,9.58,2023
201,Meeting,March,14.5,3/18/23,Saturday,N/A,0.63,37.8,0,9.14,0,2023
202,Barista,March,11.5,3/17/23,Friday,Close,6.12,367.2,51.76,122.14,8.46,2023
203,Barista,March,11.5,3/13/23,Monday,Open,5.9,354,50.09,117.94,8.49,2023
204,Barista,March,11.5,3/12/23,Sunday,Open,6.12,367.2,82.3,152.68,13.45,2023
205,Barista,March,11.5,3/11/23,Saturday,Mid,6.15,369,70.62,141.35,11.48,2023
206,Barista,April,12,4/10/23,Monday,Open,6.02,361.2,56.32,128.56,9.36,2023
207,Barista,April,12,4/8/23,Saturday,Open,6.1,366,81.33,154.53,13.33,2023
208,Barista,April,12,4/3/23,Monday,Open,6.2,372,66.62,141.02,10.75,2023
209,Barista,April,12,4/2/23,Sunday,Close,5.77,346.2,62.47,131.71,10.83,2023
210,Barista,April,12,4/1/23,Saturday,Close,7.71,462.6,77.08,169.6,10,2023
211,Barista,March,12,3/31/23,Friday,Close,6.12,367.2,51.1,124.54,8.35,2023
212,Barista,March,12,3/27/23,Monday,Open,6.13,367.8,58.5,132.06,9.54,2023
213,Meeting,April,14.5,4/24/23,Monday,N/A,0.35,21,0,5.08,0,2023
214,Barista,April,12,4/24/23,Monday,Open,6.16,369.6,60.39,134.31,9.8,2023
215,Barista,April,12,4/22/23,Saturday,Mid,6.04,362.4,87.41,159.89,14.47,2023
216,Barista,April,12,4/21/23,Friday,Close,5.7,342,47.95,116.35,8.41,2023
217,Meeting,April,14.5,4/19/23,Wednesday,N/A,0.87,52.2,0,12.62,0,2023
218,Barista,April,12,4/16/23,Sunday,Close,6.1,366,60.13,133.33,9.86,2023
219,Barista,April,12,4/15/23,Saturday,Open,7.12,427.2,93.16,178.6,13.08,2023
220,Barista,April,12,4/14/23,Friday,Close,6.47,388.2,55.77,133.41,8.62,2023
221,Barista,May,12,5/10/23,Wednesday,Mid,6.17,370.2,65.9,139.94,10.68,2023
222,Barista,May,12,5/8/23,Monday,Open,6.25,375,78.09,153.09,12.49,2023
223,Barista,May,12,5/6/23,Saturday,Mid,6.07,364.2,92.63,165.47,15.26,2023
224,Barista,May,12,5/5/23,Friday,Close,6.11,366.6,52.94,126.26,8.66,2023
225,Barista,May,12,5/1/23,Monday,Open,6.06,363.6,59.9,132.62,9.88,2023
226,Barista,April,12,4/29/23,Saturday,Mid,6.06,363.6,88.8,161.52,14.65,2023
227,Barista,April,12,4/28/23,Friday,Close,6.4,384,61.46,138.26,9.6,2023
228,Meeting,May,14.5,5/25/23,Thursday,N/A,0.12,7.2,0,1.74,0,2023
229,Barista,May,12,5/24/23,Wednesday,Open,6.34,380.4,81,157.08,12.78,2023
230,Barista,May,12,5/15/23,Monday,Open,6.02,361.2,66.34,138.58,11.02,2023
231,Barista,May,12,5/14/23,Sunday,Open,6.11,366.6,110.71,184.03,18.12,2023
232,Barista,May,12,5/12/23,Friday,Mid,6.64,398.4,77.71,157.39,11.7,2023
233,Barista,June,12,6/10/23,Saturday,Mid,6.23,373.8,82.01,156.77,13.16,2023
234,Barista,June,12,6/9/23,Friday,Mid,6.36,381.6,74.98,151.3,11.79,2023
235,Barista,June,12,6/8/23,Thursday,Open,6.25,375,70.09,145.09,11.21,2023
236,Barista,June,12,6/6/23,Tuesday,Close,5.72,343.2,36.83,105.47,6.44,2023
237,Barista,June,12,6/5/23,Monday,Open,6.17,370.2,61.11,135.15,9.9,2023
238,Barista,June,12,6/3/23,Saturday,Mid,6.06,363.6,65.46,138.18,10.8,2023
239,Barista,June,12,6/2/23,Friday,Close,6.23,373.8,41.56,116.32,6.67,2023
240,Meeting,May,14.5,5/30/23,Tuesday,N/A,0.45,27,0,6.53,0,2023
241,Barista,May,12,5/29/23,Monday,Open,6.16,369.6,88.28,162.2,14.33,2023
242,Barista,May,12,5/27/23,Saturday,Mid,6.01,360.6,87.5,159.62,14.56,2023
243,Barista,May,12,5/26/23,Friday,Close,5.97,358.2,51.27,122.91,8.59,2023
244,Meeting,June,14.5,6/16/23,Friday,N/A,3.38,202.8,0,49.01,0,2023
245,Barista,June,12,6/25/23,Sunday,Close,5.63,337.8,46.77,114.33,8.31,2023
246,Barista,June,12,6/24/23,Saturday,Mid,6.02,361.2,60.82,133.06,10.1,2023
247,Barista,June,12,6/23/23,Friday,Close,6.03,361.8,52.86,125.22,8.77,2023
248,Meeting,June,14.5,6/21/23,Wednesday,N/A,0.92,55.2,0,13.34,0,2023
249,Barista,June,12,6/19/23,Monday,Open,6.03,361.8,81.03,153.39,13.44,2023
250,Meeting,June,14.5,6/18/23,Sunday,N/A,0.5,30,0,7.25,0,2023
251,Barista,June,12,6/18/23,Sunday,Mid,4.23,253.8,52.11,102.87,12.32,2023
252,Barista,June,12,6/17/23,Saturday,Mid,6.14,368.4,67.95,141.63,11.07,2023
253,Barista,June,12,6/16/23,Friday,Close,6.2,372,43.25,117.65,6.98,2023
254,Barista,June,12,6/11/23,Sunday,Mid,6.02,361.2,89.29,161.53,14.83,2023
255,Barista,July,12,7/9/23,Sunday,Open,6.47,388.2,88.23,165.87,13.64,2023
256,Barista,July,12,7/8/23,Saturday,Close,6.05,363,63.14,135.74,10.44,2023
257,Barista,July,12,7/7/23,Friday,Open,6.15,369,66.19,139.99,10.76,2023
258,Barista,July,12,7/4/23,Tuesday,Close,6.08,364.8,37.87,110.83,6.23,2023
259,Barista,July,12,7/1/23,Saturday,Close,5.91,354.6,33.9,104.82,5.74,2023
260,Barista,June,12,6/30/23,Friday,Close,5.86,351.6,44.05,114.37,7.52,2023
261,Barista,June,12,6/29/23,Thursday,Close,6.16,369.6,37.17,111.09,6.03,2023
262,Barista,June,12,6/26/23,Monday,Close,6.08,364.8,43.85,116.81,7.21,2023
263,Barista,July,12,7/25/23,Tuesday,Close ,6.28,376.8,39.29,114.65,6.26,2023
264,Barista,July,12,7/22/23,Saturday,Close,6.25,375,53.09,128.09,8.49,2023
265,Barista,July,12,7/21/23,Friday,Open,6.22,373.2,73,147.64,11.74,2023
266,Barista,July,12,7/18/23,Tuesday,Close,6.22,373.2,32.74,107.38,5.26,2023
267,Barista,July,12,7/15/23,Saturday,Close,6.72,403.2,87.93,168.57,13.08,2023
268,Barista,July,12,7/14/23,Friday,Open,6.15,369,80.61,154.41,13.11,2023
269,Barista,July,12,7/11/23,Tuesday,Close,6.04,362.4,30.17,102.65,5,2023
270,Barista,August,12,8/9/23,Wednesday,Close,6.22,373.2,43.06,117.7,6.92,2023
271,Barista,August,12,8/8/23,Tuesday,Mid,6.42,385.2,65.74,142.78,10.24,2023
272,Barista,August,12,8/7/23,Saturday,Close,6.53,391.8,68.26,146.62,10.45,2023
273,Barista,August,12,8/4/23,Friday,Close,5.87,352.2,37.7,108.14,6.42,2023
274,Barista,July,12,7/31/23,Monday,Mid,5.72,343.2,53.69,122.33,9.39,2023
275,Barista,July,12,7/30/23,Sunday,Open,6.17,370.2,88.06,162.1,14.27,2023
276,Barista,July,12,7/29/23,Saturday,Close,6.27,376.2,50.08,125.32,7.99,2023
277,Barista,July,12,7/28/23,Friday,Close,6.26,375.6,53.83,128.95,8.6,2023
278,Barista,August,12,8/25/23,Friday,Mid,6.07,364.2,78.74,151.58,12.97,2023
279,Barista,August,12,8/24/23,Thursday,Close,6.07,364.2,50.49,123.33,8.32,2023
280,Barista,August,12,8/23/23,Wednesday,Close,6.24,374.4,47.32,122.2,7.58,2023
281,Barista,August,12,8/22/23,Tuesday,Close,6,360,56.67,128.67,9.45,2023
282,Barista,August,12,8/21/23,Monday,Mid,6.03,361.8,53.05,125.41,8.8,2023
283,Barista,August,12,8/20/23,Sunday,Mid,6.14,368.4,66.01,139.69,10.75,2023
284,Barista,August,12,8/19/23,Saturday,Mid,6.02,361.2,75.3,147.54,12.51,2023
285,Barista,August,12,8/17/23,Thursday,Close,4.89,293.4,32.55,91.23,6.66,2023
286,Barista,August,12,8/14/23,Monday,Close,5.1,306,30.56,91.76,5.99,2023
287,Barista,August,12,8/13/23,Sunday,Close,5.32,319.2,55.69,119.53,10.47,2023
288,Barista,August,12,8/12/23,Saturday,Close,5.75,345,52.84,121.84,9.19,2023
289,Barista,August,12,8/11/23,Friday,Close,6.08,364.8,53.58,126.54,8.81,2023
290,Barista,September,12,9/10/23,Sunday,Close,6.05,363,54.37,126.97,8.99,2023
291,Barista,September,12,9/9/23,Saturday,Close,5.88,352.8,39.26,109.82,6.68,2023
292,Barista,September,12,9/6/23,Wednesday,Close,6,360,38.41,110.41,6.4,2023
293,Barista,September,12,9/4/23,Monday,Close,5.68,340.8,37.34,105.5,6.57,2023
294,Barista,September,12,9/3/23,Sunday,Mid,6.43,385.8,78.71,155.87,12.24,2023
295,Barista,September,12,9/2/23,Saturday,Close,5.95,357,42.18,113.58,7.09,2023
296,Barista,September,12,9/1/23,Friday,Close,6.2,372,66.43,140.83,10.71,2023
297,Barista,August,12,8/29/23,Tuesday,Close,6.34,380.4,53.02,129.1,8.36,2023
298,Barista,August,12,8/28/23,Monday,Open,6.16,369.6,62.71,136.63,10.18,2023
301,Barista,September,12,9/18/23,Monday,Close,5.72,343.2,42.77,111.41,7.48,2023
302,Barista,September,12,9/17/23,Sunday,Close,6.67,400.2,59.35,139.39,8.9,2023
303,Barista,September,12,9/16/23,Saturday,Close,5.82,349.2,46.55,116.39,8,2023
304,Barista,September,12,9/15/23,Friday,Close,5.81,348.6,44.89,114.61,7.73,2023
305,Barista,September,12,9/11/23,Monday,Close,5.97,358.2,43.19,114.83,7.23,2023